Year,COAL for- Steel Plants,COAL for- Washries,COAL for- Thermal power houses,COAL for- Other public users,COAL for- Total Rev.Coal,Raw mat. for steel plants,Pig iron & finished steel- from steel plants,Pig iron & finished steel- from other points,Pig iron & finished steel- Total,Iron ore- for Export,Iron ore- for steel plants,Iron ore- for other dom.users,Iron ore- Total,Cement,Food grains,Fertilisers,Mineral oil (P.O.L.),Container Services- Domestic Container,Container Services- Exim Container,Container Services- Total,Other Goods,Total Revenue Traffic,Non-Revenue Traffic- Railway Coal,Non-Revenue Traffic- Diesel oil for Rlys.,Non-Revenue Traffic- G.Stores & mat. other than Deptt. w.&Ballast Trains,Non-Revenue Traffic- R.S.&M.carried in Deptt.Wagons & Ballast Trains.,Non-Revenue Traffic- Total Non- Revenue,Grand Total Rev.+ Non- Revenue
1950-51,NA,NA,NA,NA,11268,NA,NA,NA,NA,NA,NA,NA,NA,NA,3998,NA,NA,NA,NA,NA,NA,37565,6552,NA,NA,NA,6552,44117
1955-56,NA,NA,NA,NA,12922,NA,NA,NA,NA,NA,NA,NA,NA,NA,5567,NA,NA,NA,NA,NA,NA,50435,8123,NA,1018,NA,9141,59576
1960-61,2301,NA,NA,18233,20534,1982,3320,NA,NA,NA,NA,NA,NA,2471,9620,NA,2560,NA,NA,NA,NA,72333,13580,NA,1203,564,15347,87680
1961-62,2912,NA,NA,18028,20940,2687,3943,NA,NA,NA,NA,NA,NA,2629,9836,NA,3027,NA,NA,NA,32291,75353,14291,NA,1101,473,15865,91218
1962-63,2992,26,NA,20249,23267,3361,4674,NA,NA,1638,NA,NA,NA,2774,10175,NA,3416,NA,NA,NA,33835,83140,15640,NA,1398,515,17553,100693
1963-64,3021,60,NA,20842,23923,3231,5220,NA,NA,1703,NA,NA,NA,2942,11569,NA,3659,NA,NA,NA,36377,88624,15954,NA,1664,599,18217,106841
1964-65,2893,63,NA,19894,22850,2884,5266,NA,NA,1893,NA,NA,NA,3335,10858,NA,3853,NA,NA,NA,37813,88752,15478,NA,1678,662,17818,106570
1965-66,3642,95,NA,22767,26504,3335,5194,NA,NA,2653,NA,NA,NA,3979,11737,1843,4480,NA,NA,NA,39254,98979,15555,NA,1813,589,17957,116936
1966-67,3714,91,NA,21194,24999,2974,6098,NA,NA,3426,NA,NA,NA,4189,13044,2371,4341,NA,NA,NA,37842,99284,15342,NA,1451,530,17323,116607
1967-68,3889,93,NA,24089,28071,2908,6076,NA,NA,3917,NA,NA,NA,4539,12546,3438,4264,NA,NA,NA,35362,101121,15911,NA,1336,492,17739,118860
1968-69,4216,113,NA,24927,29256,3356,6376,NA,NA,4695,NA,NA,NA,4965,13458,4115,4541,NA,NA,NA,37367,108129,15290,NA,1181,540,17011,125140
1969-70,4121,134,NA,26771,31026,2966,6741,NA,NA,4892,NA,NA,NA,6256,13400,3760,4958,NA,NA,NA,37827,111826,14703,NA,1181,538,16422,128248
1970-71,4133,141,NA,23563,27837,2708,6201,NA,NA,5492,NA,NA,NA,6990,14505,3808,5264,NA,NA,NA,37891,110696,15328,NA,934,400,16662,127358
1971-72,4090,145,NA,25233,29468,2634,6115,NA,NA,5319,NA,NA,NA,6946,16418,4357,5966,NA,NA,NA,39670,116893,15006,NA,986,380,16372,133265
1972-73,4415,152,NA,25452,30019,2872,6639,NA,NA,4584,NA,NA,NA,6757,18646,4355,6248,NA,NA,NA,41043,121163,14235,NA,769,364,15368,136531
1973-74,4123,152,NA,22312,26587,2675,6178,NA,NA,4275,NA,NA,NA,6368,16322,4001,6373,NA,NA,NA,36612,109391,11831,172,705,255,12963,122354
1974-75,4435,191,NA,28281,32907,3283,7172,NA,NA,5358,NA,NA,NA,6095,15172,4788,6901,NA,NA,NA,39698,121374,11789,193,735,213,12930,134304
1975-76,4643,204,NA,32807,37654,3988,7758,NA,NA,7170,NA,NA,NA,8627,15479,6158,7051,NA,NA,NA,40989,134874,11800,209,958,378,13345,148219
1976-77,4564,219,NA,33974,38757,4639,9882,NA,NA,6408,NA,NA,NA,9170,18757,7225,7552,NA,NA,NA,41641,144031,11077,212,1007,429,12725,156756
1977-78,4806,215,NA,35531,40552,4522,9553,NA,NA,7057,NA,NA,NA,9200,22962,8135,8237,NA,NA,NA,40032,150250,10786,229,1008,414,12437,162687
1978-79,4562,201,NA,31555,36318,4464,9061,NA,NA,6871,NA,NA,NA,8911,20522,8901,9988,NA,NA,NA,38834,143870,9670,224,731,329,10954,154824
1979-80,4718,191,NA,30431,35340,4482,8063,NA,NA,6188,NA,NA,NA,7442,23474,9239,10398,NA,NA,NA,39933,144559,9957,246,902,331,11436,155995
1980-81,4529,213,13379,18252,36373,4253,8556,NA,NA,7293,NA,NA,NA,7189,24308,8922,11661,NA,NA,NA,39097,147652,9395,290,831,306,10822,158474
1981-82,4833,278,18074,20777,43962,5368,9887,NA,NA,6741,NA,NA,NA,8079,27736,9694,12096,NA,NA,NA,40690,164253,8225,338,1058,328,9949,174202
1982-83,4747,342,22764,20040,47893,5379,10093,NA,NA,5761,NA,NA,NA,9160,30417,8252,11212,NA,NA,NA,39614,167781,7961,384,1201,440,9986,177767
1983-84,4742,361,26001,23626,54730,4888,9495,NA,NA,5258,NA,NA,NA,10551,30263,8309,10722,NA,NA,NA,34633,168849,7324,452,1277,544,9597,178446
1984-85,4879,324,27670,23734,56607,5032,9638,NA,NA,6454,NA,NA,NA,11075,25491,13290,10233,NA,NA,NA,34812,172632,7153,408,1373,595,9529,182161
1985-86,5404,351,33504,25142,64401,5354,10406,NA,NA,7273,NA,NA,NA,11729,32714,14900,10959,NA,NA,NA,38864,196600,7030,452,1297,525,9304,205904
1986-87,5787,336,39525,25935,71583,6124,10963,NA,NA,8086,NA,NA,NA,12874,39745,15591,11672,NA,NA,NA,37458,214096,6328,467,1553,654,9002,223098
1987-88,6595,577,46260,25240,78672,6450,11543,NA,NA,7920,NA,NA,NA,14542,41673,14355,13777,NA,NA,NA,33596,222528,5804,484,1810,615,8713,231241
1988-89,7345,564,45503,29282,82694,6914,11605,NA,NA,7843,NA,NA,NA,16895,33436,16267,14135,NA,NA,NA,32585,222374,4915,523,1803,516,7757,230131
1989-90,7201,566,50919,26426,85112,7825,11794,NA,NA,8516,NA,NA,NA,17742,31676,17375,15674,NA,NA,NA,33888,229602,4551,563,1751,450,7315,236917
1990-91,7313,506,50011,28072,85902,7513,11562,NA,NA,7537,NA,NA,NA,18935,35594,17265,15123,NA,NA,NA,36354,235785,4051,616,1743,503,6913,242698
1991-92,8094,501,55741,27324,91660,9372,13677,NA,NA,6970,NA,NA,NA,22248,37282,17499,15475,NA,NA,NA,36055,250238,3632,672,1946,407,6657,256895
1992-93,8183,507,63923,27864,100477,10906,13755,NA,NA,6118,NA,NA,NA,19211,36290,17265,15917,NA,NA,NA,32448,252387,2763,630,1904,446,5744,258131
1993-94,8735,502,69112,25665,104014,11274,12955,NA,NA,5985,NA,NA,NA,19739,35263,16948,16512,NA,NA,NA,29721,252411,1873,672,1628,546,4719,257130
1994-95,8688,430,69341,26797,105256,13003,12701,NA,NA,5893,NA,NA,NA,19057,27077,19299,18171,NA,NA,NA,29107,249564,799,689,1464,451,3403,252967
1995-96,9439,371,77976,24195,111981,14162,12454,NA,NA,5943,NA,NA,NA,18642,34568,21186,19277,NA,NA,NA,32277,270490,424,621,1431,550,3026,273516
1996-97,9016,369,82198,27502,119085,14069,11922,NA,NA,5890,NA,NA,NA,19318,38858,18217,18605,NA,NA,NA,31603,277567,156,553,1308,408,2425,279992
1997-98,8428,359,92899,25829,127515,13392,11562,NA,NA,6811,NA,NA,NA,20945,30962,22015,19656,NA,NA,NA,31391,284249,121,513,1476,412,2522,286771
1998-99,8303,322,89713,23441,121779,12290,11475,NA,NA,6452,NA,NA,NA,20982,32560,22445,20320,NA,NA,NA,33210,281513,121,395,1766,475,2757,284270
1999-00,8291,302,96239,21939,126771,13048,12418,NA,NA,6879,NA,NA,NA,24774,38180,25584,18650,NA,NA,NA,38897,305201,108,334,1632,764,2838,308039
2000-01,7964,246,102233,23001,133444,13533,12046,NA,NA,7930,NA,NA,NA,24915,33096,22997,19873,NA,NA,NA,44537,312371,49,362,1746,988,3145,315516
2001-02,8817,164,109302,22808,141091,14673,12429,NA,NA,8287,NA,NA,NA,24778,42034,22841,19772,NA,NA,NA,47323,333228,16,386,1811,1004,3217,336445
2002-03,9432,165,89232,42895,141724,13370,13255,NA,NA,8595,NA,NA,NA,24818,63912,22606,19216,NA,NA,NA,45698,353194,21,451,1319,1042,2833,356027
2003-04,8990,172,92713,55381,157256,14194,14212,NA,NA,13702,NA,NA,NA,26349,61930,20212,18219*,NA,NA,NA,55167*,381241,21,451,1319,1042,2833,384074
2004-05,11041,146,126190,24529,161906,15843,14149,NA,NA,18945,NA,NA,NA,28888,62597,21713,21024,NA,NA,NA,62333,422001,5,534,1348,1995,3882,411280
2005-06,11168,113,127563,31596,170440,17406,18655,NA,NA,20980,NA,NA,NA,32830,55103,26707,24281,NA,NA,NA,73194,439596,2,322,586,1256,2166,441762
2006-07,11362,122,145496,34561,191541,16872,22394,NA,NA,19845,NA,NA,NA,41094,47851,25473*,24719*,NA,NA,NA,91203*,480993,1,321,540,1567,2429,483422
2007-08 #@,12730,67,159881,35810,208488,7856 (except I ore for steel plants),21232,3838,25070,27580,10834,15654,54068,43207,46865,25808,23405,4801,18296,23097,63507,521371,1,4,186,1634,1825,523196
2008-09 #@,14561,135,177743,37685,230124,7483,22232,4724,26956,21906,10119,18764,50789,46538,45580,33112,24020,9724,28359,38083,48763,551448,1,5,NA,548,554,552002
2009-10 #@,16235,198,185130,45480,247043,8847,25387,6092,31479,24961,9949,19037,53947,53792,50294,36568,24866,12666,31589,44255,49457,600548,3,4,NA,735,742,601290
2010-11 #@,17029,177,202044,49046,268296,9828,24884,7350,32234,15537,9580,21240,46357,56952,51996,40714,26085,13778,27212,40990,52271,625723,3,0,NA,747,750,626473
2011-12 #@,18562,350,212593,59950,291455,10271,26308,7611,33919,6324,14299,19677,40300,62036,57927,43810,26096,13689,31609,45298,56495,667607,1,0,NA,1010,1011,668618
2012-13 #@,19498,141,193045,63496,276180,9638,26806,6749,33555,3141,15370,19524,38035,60783,63818,39043,28082,13686,35730,49416,51095,694645,0,0,NA,980,980,650625
2013-14 #@,19841,419,189560,62100,271920,10050,27973,6979,34952,2676,16429,18116,37221,60502,70540,34498,29740,15940,36162,52102,64285,665810,0,0,NA,918,918,666728
